id,owner_id,plan_id,transaction_date,confirmed_amount
1,1,11,2026-04-01,100000
2,1,12,2026-06-01,200000
3,2,21,2026-04-01,10000
4,2,21,2026-04-01,10000
5,2,21,2026-04-01,10000
6,2,21,2026-04-01,10000
7,2,21,2026-04-01,10000
8,2,21,2026-04-01,10000
9,2,21,2026-04-01,10000
10,2,21,2026-04-01,10000
11,2,21,2026-04-01,10000
12,2,21,2026-04-01,10000
13,2,21,2026-05-01,10000
14,2,21,2026-05-01,10000
15,2,21,2026-05-01,10000
16,2,21,2026-05-01,10000
17,2,21,2026-05-01,10000
18,2,21,2026-05-01,10000
19,2,21,2026-05-01,10000
20,2,21,2026-05-01,10000
21,2,21,2026-05-01,10000
22,2,22,2026-05-01,0
23,3,31,2026-04-02,10000
24,3,31,2026-04-02,10000
25,3,31,2026-04-02,10000
26,3,31,2026-04-02,10000
27,3,31,2026-04-02,10000
28,3,31,2026-04-02,10000
29,3,31,2026-04-02,10000
30,3,31,2026-04-02,10000
31,3,31,2026-04-02,10000
32,3,31,2026-04-02,10000
33,4,41,2025-10-07,50000
34,6,61,2025-10-06,75000
35,5,51,2026-10-02,0
36,1,11,2026-06-01,-10000
